index,Title,Price,Reviews,Image,href
1,"SmartyPants Daily Gummy Multivitamin Kids (suministro de 30 días), cereza y cereza, 120 unidades (paquete de 1)",US$19.75,"33,666","https://images-na.ssl-images-amazon.com/images/I/71%2Bu6Ou8jgL._AC_UL200_SR200,200_.jpg",/-/es/SmartyPants-Multivitamin-suministro-unidades-paquete/dp/B073PZSRG6/ref=zg_bs_6936790011_1/138-1327248-8445842?_encoding=UTF8&psc=1&refRID=62MZRCB53F6CWHQBTQEX
2,"Suplemento Naturewise Vitamina D3 5000 IU en aceite de oliva, sin GMO orgánica, grado USP, NW10240, 1, 1",US$10.85,"83,167","https://images-na.ssl-images-amazon.com/images/I/7160nkbcCsL._AC_UL200_SR200,200_.jpg",/-/es/Suplemento-Naturewise-Vitamina-D3-5000-IU-org%C3%A1nica/dp/B01F27DUES/ref=zg_bs_6936790011_2/138-1327248-8445842?_encoding=UTF8&psc=1&refRID=62MZRCB53F6CWHQBTQEX
3,"Vitamina D de Nature's Bounty para el apoyo inmunológico. La vitamina D proporciona apoyo inmune y promueve huesos saludables. 5000IU, 150 cápsulas blandas",US$14.93,"37,871","https://images-na.ssl-images-amazon.com/images/I/71oFu-QaPlL._AC_UL200_SR200,200_.jpg",/-/es/Vitamina-inmunol%C3%B3gico-vitamina-proporciona-saludables/dp/B002Y27LLS/ref=zg_bs_6936790011_3/138-1327248-8445842?_encoding=UTF8&psc=1&refRID=62MZRCB53F6CWHQBTQEX
4,"Mezcla para suplemento dietético bebible Emergen-C, con 0,035 oz de vitamina C, sin cafeína, 30 paquetes de 0.30 oz cada uno, sabor açaí, 1, 1",US$10.73,"29,917","https://images-na.ssl-images-amazon.com/images/I/91LejaCdfQL._AC_UL200_SR200,200_.jpg",/-/es/suplemento-diet%C3%A9tico-Emergen-C-vitamina-paquetes/dp/B00PL5L7JW/ref=zg_bs_6936790011_4/138-1327248-8445842?_encoding=UTF8&psc=1&refRID=62MZRCB53F6CWHQBTQEX
5,"Vitaminas para mujer Vitafusion Gummy , 27917022710, 150, 150, Mixto bayas, 1, 1",US$12.20,"33,946","https://images-na.ssl-images-amazon.com/images/I/714%2Bv5YutBL._AC_UL200_SR200,200_.jpg",/-/es/Vitaminas-mujer-Vitafusion-Gummy-27917022710/dp/B007L0DPE0/ref=zg_bs_6936790011_5/138-1327248-8445842?_encoding=UTF8&psc=1&refRID=62MZRCB53F6CWHQBTQEX
6,"Olly The Essential Prenatal Gummy Multivitamínico, suministro de 30 días (gomas), dulce, ácido fólico, vitamina D, Omega 3 DHA, suplemento masticable, cítrico blanco, 60 unidades (paquete de 1)",US$13.99,"3,996","https://images-na.ssl-images-amazon.com/images/I/819prWcXwXL._AC_UL200_SR200,200_.jpg",/-/es/Essential-Multivitam%C3%ADnico-suministro-suplemento-masticable/dp/B014G3ZY5W/ref=zg_bs_6936790011_6/138-1327248-8445842?_encoding=UTF8&psc=1&refRID=62MZRCB53F6CWHQBTQEX
7,"Comprimidos de B12 Natures Bounty, 0,000035 oz, NATURES316562, 1, 1",US$9.71,"21,312","https://images-na.ssl-images-amazon.com/images/I/71aiKF%2BG-bL._AC_UL200_SR200,200_.jpg",/-/es/Comprimidos-Natures-Bounty-000035-NATURES316562/dp/B0046VBWK6/ref=zg_bs_6936790011_7/138-1327248-8445842?_encoding=UTF8&psc=1&refRID=62MZRCB53F6CWHQBTQEX
8,"L 'il Critters Gummy vites Complete Multivitamin, 190 Count",US$11.20,"19,396","https://images-na.ssl-images-amazon.com/images/I/81DMnGybj8L._AC_UL200_SR200,200_.jpg",/-/es/Critters-Gummy-Complete-Multivitamin-190-Count/dp/B01613QBL6/ref=zg_bs_6936790011_8/138-1327248-8445842?_encoding=UTF8&psc=1&refRID=62MZRCB53F6CWHQBTQEX
9,"Vitamina K2 + D3 con aceite de coco virgen orgánico, vegano D3 (5000iu) con MK7 vitamina K2 (100 mcg) de garbanzos | certificado sin OMG y vegano (30 unidades)",US$21.99,"20,600","https://images-na.ssl-images-amazon.com/images/I/51Dtd1CM%2BQL._AC_UL200_SR200,200_.jpg",/-/es/Vitamina-org%C3%A1nico-vitamina-garbanzos-certificado/dp/B08YD4JRXV/ref=zg_bs_6936790011_9/138-1327248-8445842?_encoding=UTF8&psc=1&refRID=62MZRCB53F6CWHQBTQEX
10,"Nuun, Pastillas Hidratantes con Electrolitos, 1, 1",US$30.00,"20,068","https://images-na.ssl-images-amazon.com/images/I/71VAx4V8JBL._AC_UL200_SR200,200_.jpg",/-/es/ASM-4PK-NUMX-ORG-Electrolitos/dp/B019GU4ILQ/ref=zg_bs_6936790011_10/138-1327248-8445842?_encoding=UTF8&psc=1&refRID=62MZRCB53F6CWHQBTQEX
11,Nature's Bounty Optimal Solutions Cabello Piel y Uñas Extra Fuerza,US$12.47,"23,751","https://images-na.ssl-images-amazon.com/images/I/71r9uoLzJpL._AC_UL200_SR200,200_.jpg",/-/es/Vitaminas-Natures-Solutions-vitamina-unidades/dp/B0072F8D7S/ref=zg_bs_6936790011_11/138-1327248-8445842?_encoding=UTF8&psc=1&refRID=62MZRCB53F6CWHQBTQEX
12,"Multivitamínico de gomitas orgánicas diarias: probiótico, vitamina C, D3 y zinc para inmunidad, biotina, Omega 3, B6, metil B12 para energía por SmartyPants (120 quilates, suministro de 30 días)",US$18.80,"5,715","https://images-na.ssl-images-amazon.com/images/I/81GssB1p09L._AC_UL200_SR200,200_.jpg",/-/es/Multivitam%C3%ADnico-gomitas-org%C3%A1nicas-diarias-SmartyPants/dp/B079YXFCWT/ref=zg_bs_6936790011_12/138-1327248-8445842?_encoding=UTF8&psc=1&refRID=62MZRCB53F6CWHQBTQEX
13,"Vitaminas de gomitas para niños SmartyPants, KF120, 1, 1",US$22.95,"11,335","https://images-na.ssl-images-amazon.com/images/I/713wj2XTrVL._AC_UL200_SR200,200_.jpg",/-/es/Vitaminas-gomitas-ni%C3%B1os-SmartyPants-KF120/dp/B00CX6DM0O/ref=zg_bs_6936790011_13/138-1327248-8445842?_encoding=UTF8&psc=1&refRID=62MZRCB53F6CWHQBTQEX
14,"SmartyPants Multivitamínico para mujeres; Omega-3 DHA; Zinc para la inmunidad; Biotina, hierro, folato; Vitaminas D3, C, B6; Vitamina B12 para la energía; Vegetariano (suministro de 30 días)",US$22.81,"15,878","https://images-na.ssl-images-amazon.com/images/I/511U7RLUKRL._AC_UL200_SR200,200_.jpg",/-/es/SmartyPants-Multivitam%C3%ADnico-inmunidad-Vegetariano-suministro/dp/B08W3LQGTR/ref=zg_bs_6936790011_14/138-1327248-8445842?_encoding=UTF8&psc=1&refRID=62MZRCB53F6CWHQBTQEX
15,"Vitaminas prenatales Smarty Pants con ácido fólico multivitamínico, PN180, 1, 1",US$27.94,"11,997","https://images-na.ssl-images-amazon.com/images/I/71-oDEKL5AL._AC_UL200_SR200,200_.jpg",/-/es/Vitaminas-prenatales-Smarty-multivitam%C3%ADnico-PN180/dp/B00VFYYAC4/ref=zg_bs_6936790011_15/138-1327248-8445842?_encoding=UTF8&psc=1&refRID=62MZRCB53F6CWHQBTQEX
16,"Metil B12 1 de Jarrow Formulas , BMCG, 1, 1",US$14.85,"19,848","https://images-na.ssl-images-amazon.com/images/I/71SxS425g1L._AC_UL200_SR200,200_.jpg",/-/es/Metil-B12-Jarrow-Formulas-BMCG/dp/B008403N2U/ref=zg_bs_6936790011_16/138-1327248-8445842?_encoding=UTF8&psc=1&refRID=62MZRCB53F6CWHQBTQEX
17,"Suplemento Nature's Bounty, tabletas con 0.017 oz de vitamina C pura, 1474, 1, 1",US$9.45,"33,129","https://images-na.ssl-images-amazon.com/images/I/71tecTdG6BL._AC_UL200_SR200,200_.jpg",/-/es/Suplemento-Natures-tabletas-vitamina-1474/dp/B000GG87V2/ref=zg_bs_6936790011_17/138-1327248-8445842?_encoding=UTF8&psc=1&refRID=62MZRCB53F6CWHQBTQEX
18,Mens,US$11.95,,"https://images-na.ssl-images-amazon.com/images/I/71nOjD1QbgL._AC_UL200_SR200,200_.jpg",/-/es/dp/B0927HTCSV/ref=zg_bs_6936790011_18/138-1327248-8445842?_encoding=UTF8&psc=1&refRID=62MZRCB53F6CWHQBTQEX
19,"Suplemento Multivitamínico Multimineral Diario Masculino. Vitaminas A C E D B1 B2 B3 B5 B6 B12. Magnesio, Biotina, Espirulina, Zinc. propiedades antioxidantes, salud inmune. 60 Cápsulas",US$19.97,"16,238","https://images-na.ssl-images-amazon.com/images/I/81%2Bf2mjUUmL._AC_UL200_SR200,200_.jpg",/-/es/Suplemento-Multivitam%C3%ADnico-Multimineral-propiedades-antioxidantes/dp/B01KE592JU/ref=zg_bs_6936790011_19/138-1327248-8445842?_encoding=UTF8&psc=1&refRID=62MZRCB53F6CWHQBTQEX
20,Nature's Bounty 1000mg 100 Coated Caplets,US$9.49,"20,180","https://images-na.ssl-images-amazon.com/images/I/71Ho2hGE5uL._AC_UL200_SR200,200_.jpg",/-/es/Vitamina-Natures-vitamina-c%C3%A1psulas-recubiertas/dp/B0019GE9HE/ref=zg_bs_6936790011_20/138-1327248-8445842?_encoding=UTF8&psc=1&refRID=62MZRCB53F6CWHQBTQEX
21,"SmartyPants - Vitaminas diarias en forma de pastillas de goma para niños pequeños: Aceite de pescado multivitamínico, libre de gluten, Omega-3 (EPA/DHA ácidos grasos), vitamina D3, vitamina B12, yodo, vitamina E, 90 unidades (suministro de 30 días)",US$12.20,"7,971","https://images-na.ssl-images-amazon.com/images/I/61VirYX7k7L._AC_UL200_SR200,200_.jpg",/-/es/SmartyPants-Vitaminas-pastillas-multivitam%C3%ADnico-suministro/dp/B084KNDK4Z/ref=zg_bs_6936790011_21/138-1327248-8445842?_encoding=UTF8&psc=1&refRID=62MZRCB53F6CWHQBTQEX
22,"Gomitas de vitamina ASHWA por Goli Nutrition - Ashwagandha Gummies - Relajarse. Restore. (mezcla de bayas, KSM-66, vegano, a base de plantas, sin OMG, sin gluten y sin gelatina, 60 unidades)",US$19.00,6,"https://images-na.ssl-images-amazon.com/images/I/61Z8cnJHsWS._AC_UL200_SR200,200_.jpg",/-/es/Gomitas-vitamina-ASHWA-Goli-Nutrition/dp/B091TNV24N/ref=zg_bs_6936790011_22/138-1327248-8445842?_encoding=UTF8&psc=1&refRID=62MZRCB53F6CWHQBTQEX
23,Vitafusion Multi-Vite Gummy Vitamins for Adults,US$11.39,,"https://images-na.ssl-images-amazon.com/images/I/71c27u5fuLL._AC_UL200_SR200,200_.jpg",/-/es/dp/B092CJSDSK/ref=zg_bs_6936790011_23/138-1327248-8445842?_encoding=UTF8&psc=1&refRID=62MZRCB53F6CWHQBTQEX
24,"Gomitas SmartyPants vitamina completa para hombres, MC180, 1, 1",US$26.74,"5,676","https://images-na.ssl-images-amazon.com/images/I/71e-x558bNL._AC_UL200_SR200,200_.jpg",/-/es/Gomitas-SmartyPants-vitamina-completa-MC180/dp/B01B1JPXGO/ref=zg_bs_6936790011_24/138-1327248-8445842?_encoding=UTF8&psc=1&refRID=62MZRCB53F6CWHQBTQEX
25,"Nature's Bounty, 150 Tablets",US$9.99,"20,428","https://images-na.ssl-images-amazon.com/images/I/71F2ScdF3vL._AC_UL200_SR200,200_.jpg",/-/es/Complejo-vitamina-vitaminas-complejo-inmunitario/dp/B0014D2GEK/ref=zg_bs_6936790011_25/138-1327248-8445842?_encoding=UTF8&psc=1&refRID=62MZRCB53F6CWHQBTQEX
26,"Vitamina D3 (10,000iu/250mcg) con aceite de coco ~ Vitamina D de alta potencia para apoyo inmunológico y óseo ~ Sin OGM, sin gluten y soja (120 cápsulas blandas)",US$15.90,"45,708","https://images-na.ssl-images-amazon.com/images/I/51a%2BUVcsJXL._AC_UL200_SR200,200_.jpg",/-/es/Vitamina-potencia-inmunol%C3%B3gico-c%C3%A1psulas-blandas/dp/B08FLTYVV1/ref=zg_bs_6936790011_26/138-1327248-8445842?_encoding=UTF8&psc=1&refRID=62MZRCB53F6CWHQBTQEX
27,"Nature's Bounty 2000IU, 350 Softgels",US$7.99,"30,149","https://images-na.ssl-images-amazon.com/images/I/81eSUJml1qL._AC_UL200_SR200,200_.jpg",/-/es/Vitamina-inmunol%C3%B3gico-vitamina-proporciona-saludables/dp/B00DYSUQEA/ref=zg_bs_6936790011_27/138-1327248-8445842?_encoding=UTF8&psc=1&refRID=62MZRCB53F6CWHQBTQEX
28,"Gomitas de biotina (5,000 mcg) con vitamina C | Certificado vegano y no verificado OGM, 60 gomitas veganas (suministro de 2 meses)",US$19.95,"24,090","https://images-na.ssl-images-amazon.com/images/I/61Mvgubz8NL._AC_UL200_SR200,200_.jpg",/-/es/Gomitas-vitamina-Certificado-verificado-suministro/dp/B08J9N2BKL/ref=zg_bs_6936790011_28/138-1327248-8445842?_encoding=UTF8&psc=1&refRID=62MZRCB53F6CWHQBTQEX
29,"Complejo vitamínico Now Foods, Vitamina D3 5000 UI, 240 cápsulas blandas, NF_0373, 1, 1",US$11.24,"19,258","https://images-na.ssl-images-amazon.com/images/I/61vZlTOGC9L._AC_UL200_SR200,200_.jpg",/-/es/Complejo-vitam%C3%ADnico-D3-5000-UI-240-c%C3%A1psulas-NF_0373/dp/B0032BH76O/ref=zg_bs_6936790011_29/138-1327248-8445842?_encoding=UTF8&psc=1&refRID=62MZRCB53F6CWHQBTQEX
30,"Natrol, Melatonina Advanced Sleep Tablets con vitamina B6 te ayuda a dormir más rápido permanecer dormido más tiempo de liberación controlada de 2 capas libre de drogas máxima fuerza 10 mg, frambuesa, 100 unidades",US$12.74,,"https://images-na.ssl-images-amazon.com/images/I/61vHU66WMaL._AC_UL200_SR200,200_.jpg",/-/es/Melatonina-permanecer-liberaci%C3%B3n-controlada-frambuesa/dp/B072SD2PNY/ref=zg_bs_6936790011_30/138-1327248-8445842?_encoding=UTF8&psc=1&refRID=62MZRCB53F6CWHQBTQEX
31,Mezcla de mio-inositol y D-chiro inositol | Suministro de 30 días | Relación más beneficiosa 40:1 | Equilibrio hormonal y soporte saludable de la función ovárica para las mujeres | Vitamina B8 | Hecho en Estados Unidos (120 cápsulas),US$19.95,"11,155","https://images-na.ssl-images-amazon.com/images/I/61YQdoe05hL._AC_UL200_SR200,200_.jpg",/-/es/mio-inositol-inositol-Suministro-Relaci%C3%B3n-beneficiosa/dp/B07HX2DMY8/ref=zg_bs_6936790011_31/138-1327248-8445842?_encoding=UTF8&psc=1&refRID=62MZRCB53F6CWHQBTQEX
32,"Biotina (2,500 mcg) con aceite de coco | Apoya el cabello, la piel y las uñas saludables en individuos deficientes de biotina | No verificado OMG y certificado vegano (120 cápsulas blandas vegetarianas)",US$16.00,"44,044","https://images-na.ssl-images-amazon.com/images/I/51iqEutYjjL._AC_UL200_SR200,200_.jpg",/-/es/saludables-individuos-deficientes-certificado-vegetarianas/dp/B07Q4SJ8S1/ref=zg_bs_6936790011_32/138-1327248-8445842?_encoding=UTF8&psc=1&refRID=62MZRCB53F6CWHQBTQEX
33,"Vitamina D3 5000 UI (125 mcg), 90 cápsulas blandas, vitamina D de alta potencia ayuda a apoyar la salud inmune, huesos y dientes fuertes, y función muscular",US$14.19,"25,078","https://images-na.ssl-images-amazon.com/images/I/71sDDO1obzL._AC_UL200_SR200,200_.jpg",/-/es/Vitamina-c%C3%A1psulas-vitamina-potencia-muscular/dp/B0037LOLKY/ref=zg_bs_6936790011_33/138-1327248-8445842?_encoding=UTF8&psc=1&refRID=62MZRCB53F6CWHQBTQEX
34,"Vitafusion Fuerza Extra B12 Gummies, 90 Count",US$14.99,"11,510","https://images-na.ssl-images-amazon.com/images/I/71fTSOtpeyL._AC_UL200_SR200,200_.jpg",/-/es/Vitafusion-Fuerza-Extra-B12-Gummies-90-Count/dp/B00OJOL3KO/ref=zg_bs_6936790011_34/138-1327248-8445842?_encoding=UTF8&psc=1&refRID=62MZRCB53F6CWHQBTQEX
35,"Solimo - gomitas de vitaminas y DHA prenatales, 90 gomitas, suministro de 45 días",US$8.88,"13,666","https://images-na.ssl-images-amazon.com/images/I/511ZiQV-PML._AC_UL200_SR200,200_.jpg",/-/es/Solimo-gomitas-vitaminas-prenatales-suministro/dp/B07BBNRSBJ/ref=zg_bs_6936790011_35/138-1327248-8445842?_encoding=UTF8&psc=1&refRID=62MZRCB53F6CWHQBTQEX
36,"SmartyPants Adolescente Niña Gummy Vitaminas: Multivitamina, Sin gluten, Luteína/Zeaxantina, Biotina, Vitamina K y D3, Aceite de pescado Omega 3 (DHA/EPA), (120 unidades, Suministro de 30 días)",US$20.96,"6,353","https://images-na.ssl-images-amazon.com/images/I/71oXbMO5EVL._AC_UL200_SR200,200_.jpg",/-/es/SmartyPants-Adolescente-Ni%C3%B1a-Gummy-Vitaminas/dp/B0741FMYS1/ref=zg_bs_6936790011_36/138-1327248-8445842?_encoding=UTF8&psc=1&refRID=62MZRCB53F6CWHQBTQEX
37,"Nature Made Tabletas de complejo Súper B + Vitamina C, 2734, 1",US$15.21,"13,927","https://images-na.ssl-images-amazon.com/images/I/71fKB%2Bn9QhL._AC_UL200_SR200,200_.jpg",/-/es/Nature-Tabletas-complejo-Vitamina-2734/dp/B01CJH0N8U/ref=zg_bs_6936790011_37/138-1327248-8445842?_encoding=UTF8&psc=1&refRID=62MZRCB53F6CWHQBTQEX
38,Nature's Way Alive! Once Daily 50+ Ultra Potencia,US$15.84,"12,445","https://images-na.ssl-images-amazon.com/images/I/717unU%2BaOmL._AC_UL200_SR200,200_.jpg",/-/es/Natures-Alive-Daily-Ultra-Potencia/dp/B003UEJAQ8/ref=zg_bs_6936790011_38/138-1327248-8445842?_encoding=UTF8&psc=1&refRID=62MZRCB53F6CWHQBTQEX
39,NATURELO - Multivitamínico diario para los hombres,US$21.95,"11,638","https://images-na.ssl-images-amazon.com/images/I/719xH9WET0L._AC_UL200_SR200,200_.jpg",/-/es/NATURELO-Multivitam%C3%ADnico-diario-para-hombres/dp/B07LDDGJ52/ref=zg_bs_6936790011_39/138-1327248-8445842?_encoding=UTF8&psc=1&refRID=62MZRCB53F6CWHQBTQEX
40,"Vitaminas de fertilidad prenatales, regulan tu ciclo, balance de hormonas, ayudan de la ovulación, y luchan contra síndrome de ovario poliquístico; mioinositol, vitex, ácido fólico; 60 cápsulas blandas vegetarianas, Conception",US$29.99,,"https://images-na.ssl-images-amazon.com/images/I/61aQT5De0NL._AC_UL200_SR200,200_.jpg",/-/es/fertilidad-poliqu%C3%ADstico-mioinositol-60-c%C3%A1psulas-vegetarianas/dp/B013RMKCV4/ref=zg_bs_6936790011_40/138-1327248-8445842?_encoding=UTF8&psc=1&refRID=62MZRCB53F6CWHQBTQEX
41,"Suplemento multivitamínico orgánico Garden of Life, para mujer, tabletas múltiples, una vez al día, hhh-kyyy-tra-rat8289, 30, 1, 1",US$24.52,"7,904","https://images-na.ssl-images-amazon.com/images/I/61ob8yhTmQL._AC_UL200_SR200,200_.jpg",/-/es/Suplemento-multivitam%C3%ADnico-org%C3%A1nico-m%C3%BAltiples-hhh-kyyy-tra-rat8289/dp/B00K5NEORM/ref=zg_bs_6936790011_41/138-1327248-8445842?_encoding=UTF8&psc=1&refRID=62MZRCB53F6CWHQBTQEX
42,"Multivitamínico Silver, tabletas de suplemento multimineral, de Centrum, 300054756718, Mujeres, Plateado, 1, 1",US$21.95,"22,088","https://images-na.ssl-images-amazon.com/images/I/81df-LwvvGL._AC_UL200_SR200,200_.jpg",/-/es/Multivitam%C3%ADnico-tabletas-suplemento-multimineral-300054756718/dp/B00L3XNK32/ref=zg_bs_6936790011_42/138-1327248-8445842?_encoding=UTF8&psc=1&refRID=62MZRCB53F6CWHQBTQEX
43,Vegano Kids Multivitamínico Gummies by MaryRuth's - Ingredientes orgánicos - Impulso inmunológico - metilfolato - sin azúcar - Vitamina Masticable sin OGM 60ct,US$29.95,"4,048","https://images-na.ssl-images-amazon.com/images/I/61tbzzZt0aL._AC_UL200_SR200,200_.jpg",/-/es/Vegano-Kids-Multivitam%C3%ADnico-Gummies-MaryRuths/dp/B07WMX9N2D/ref=zg_bs_6936790011_43/138-1327248-8445842?_encoding=UTF8&psc=1&refRID=62MZRCB53F6CWHQBTQEX
44,"Marca Amazon – Mama Bear Organic Kids Multivitamina, 60 gomas, 1 mes de suministro",US$8.34,"5,530","https://images-na.ssl-images-amazon.com/images/I/61oZajNgA-L._AC_UL200_SR200,200_.jpg",/-/es/Marca-Amazon-Organic-Multivitamina-suministro/dp/B07C2BHFCN/ref=zg_bs_6936790011_44/138-1327248-8445842?_encoding=UTF8&psc=1&refRID=62MZRCB53F6CWHQBTQEX
45,"Biotina de Amazon Elements de 5,000 mg, vegana; 130 cápsulas",US$8.99,"14,186","https://images-na.ssl-images-amazon.com/images/I/71TriSlRTdL._AC_UL200_SR200,200_.jpg",/-/es/Biotina-Amazon-Elements-vegana-c%C3%A1psulas/dp/B0719HYML3/ref=zg_bs_6936790011_45/138-1327248-8445842?_encoding=UTF8&psc=1&refRID=62MZRCB53F6CWHQBTQEX
46,"Garden of Life Vitamina D, Vitamina Código Raw D3, Vitamina D 5.000 UI, Alimentos enteros crudos Vitamina D Suplementos con Clorella, Fruta, Vegetarianos y Probióticos para la Salud Huesa e Inmune, 60 Cápsulas Vegetarianas",US$20.30,"6,044","https://images-na.ssl-images-amazon.com/images/I/61IQ6kq5AsL._AC_UL200_SR200,200_.jpg",/-/es/Alimentos-Suplementos-Vegetarianos-Probi%C3%B3ticos-Vegetarianas/dp/B005JAT318/ref=zg_bs_6936790011_46/138-1327248-8445842?_encoding=UTF8&psc=1&refRID=62MZRCB53F6CWHQBTQEX
47,"Marca Amazon – Solimo Vitamina D3 2000 UI, 160 gomitas (2 gomitas por porción)",US$8.67,"7,579","https://images-na.ssl-images-amazon.com/images/I/51UsjGjyEEL._AC_UL200_SR200,200_.jpg",/-/es/Marca-Amazon-Vitamina-gomitas-porci%C3%B3n/dp/B07BBNNHRX/ref=zg_bs_6936790011_47/138-1327248-8445842?_encoding=UTF8&psc=1&refRID=62MZRCB53F6CWHQBTQEX
48,"Vitaminas Super B Complex - Todas las vitaminas B incluyendo B12, B1, B2, B3, B5, B6, B7, B9, Ácido fólico, suplemento complejo de vitamina B - Apoya el metabolismo de energía saludable - 90 cápsulas vegetarianas",US$16.49,"20,412","https://images-na.ssl-images-amazon.com/images/I/71Gf7AdYrQL._AC_UL200_SR200,200_.jpg",/-/es/Vitaminas-Super-Complex-metabolismo-vegetarianas/dp/B07414752B/ref=zg_bs_6936790011_48/138-1327248-8445842?_encoding=UTF8&psc=1&refRID=62MZRCB53F6CWHQBTQEX
49,"Multivitaminas para adulto, 200 unidades, de Centrum, PFIZER465997, Adulto, 1, 1",US$17.54,"10,798","https://images-na.ssl-images-amazon.com/images/I/61UlKej07yL._AC_UL200_SR200,200_.jpg",/-/es/Multivitaminas-adulto-200-unidades-Centrum-PFIZER465997/dp/B003G4BP5G/ref=zg_bs_6936790011_49/138-1327248-8445842?_encoding=UTF8&psc=1&refRID=62MZRCB53F6CWHQBTQEX
50,"NutriFlair Liposomal Vitamina C 1600 mg, 180 Cápsulas - Alta Absorción, Soluble en Grasa VIT C, Suplemento Antioxidante, Mayor Bioaccesibilidad Sistema Inmunológico Apoyo y Aumento de Colágeno, No OGM y Pastillas Veganas",US$29.45,"13,466","https://images-na.ssl-images-amazon.com/images/I/91XrcpFayLL._AC_UL200_SR200,200_.jpg",/-/es/NutriFlair-Liposomal-Vitamina-1600-C%C3%A1psulas/dp/B07DH1ZJZ9/ref=zg_bs_6936790011_50/138-1327248-8445842?_encoding=UTF8&psc=1&refRID=62MZRCB53F6CWHQBTQEX
